<?xml version="1.0" encoding="UTF-8"?>
<results version="2">
    <cppcheck version="1.88 dev"/>
    <errors>
        <error id="doubleFree" severity="error" msg="Memory pointed to by &apos;buffer&apos; is freed twice." verbose="Memory pointed to by &apos;buffer&apos; is freed twice." cwe="415">
            <location file="vulnerable/double_free.c" line="18"/>
            <symbol>buffer</symbol>
        </error>
        <error id="uninitvar" severity="error" msg="Uninitialized variable: first" verbose="Uninitialized variable: first" cwe="908">
            <location file="vulnerable/numeric_truncation.c" line="18"/>
            <symbol>first</symbol>
        </error>
        <error id="uninitvar" severity="error" msg="Uninitialized variable: second" verbose="Uninitialized variable: second" cwe="908">
            <location file="vulnerable/numeric_truncation.c" line="19"/>
            <symbol>second</symbol>
        </error>
        <error id="uninitvar" severity="error" msg="Uninitialized variable: first" verbose="Uninitialized variable: first" cwe="908">
            <location file="vulnerable/signed_integer_overflow.c" line="17"/>
            <symbol>first</symbol>
        </error>
        <error id="uninitvar" severity="error" msg="Uninitialized variable: second" verbose="Uninitialized variable: second" cwe="908">
            <location file="vulnerable/signed_integer_overflow.c" line="18"/>
            <symbol>second</symbol>
        </error>
        <error id="uninitvar" severity="error" msg="Uninitialized variable: first" verbose="Uninitialized variable: first" cwe="908">
            <location file="vulnerable/unsigned_integer_wraparound.c" line="17"/>
            <symbol>first</symbol>
        </error>
        <error id="uninitvar" severity="error" msg="Uninitialized variable: second" verbose="Uninitialized variable: second" cwe="908">
            <location file="vulnerable/unsigned_integer_wraparound.c" line="18"/>
            <symbol>second</symbol>
        </error>
    </errors>
</results>
